id1,id2,id3,id4,id5,id6,v1,small_id4,v2
1,2,3213,id1,id2,id3213,49.35736,id1,15.103564
1,6,917079,id1,id6,id917079,54.342979,id1,15.103564
1,11,1048533,id1,id11,id1048533,66.295689,id1,15.103564
1,16,1026966,id1,id16,id1026966,91.548484,id1,15.103564
1,21,964475,id1,id21,id964475,22.715106,id1,15.103564
1,26,862697,id1,id26,id862697,29.635841,id1,15.103564
1,31,788231,id1,id31,id788231,63.034656,id1,15.103564
1,37,811684,id1,id37,id811684,67.74018,id1,15.103564
1,42,706489,id1,id42,id706489,58.929815,id1,15.103564
1,47,728148,id1,id47,id728148,8.80221,id1,15.103564
1,52,642250,id1,id52,id642250,94.283661,id1,15.103564
1,57,629467,id1,id57,id629467,40.566466,id1,15.103564
1,63,649356,id1,id63,id649356,94.369806,id1,15.103564
1,68,707528,id1,id68,id707528,59.814305,id1,15.103564
1,74,724075,id1,id74,id724075,13.246262,id1,15.103564
1,80,725134,id1,id80,id725134,2.605892,id1,15.103564
1,86,663963,id1,id86,id663963,13.91551,id1,15.103564
1,93,692147,id1,id93,id692147,52.301608,id1,15.103564
1,99,537693,id1,id99,id537693,27.387461,id1,15.103564
1,106,451129,id1,id106,id451129,48.609864,id1,15.103564
1,111,457116,id1,id111,id457116,51.025723,id1,15.103564
1,116,454856,id1,id116,id454856,66.079174,id1,15.103564
1,121,478590,id1,id121,id478590,85.89659,id1,15.103564
1,128,460522,id1,id128,id460522,60.485581,id1,15.103564
1,133,499802,id1,id133,id499802,69.824647,id1,15.103564
1,139,420643,id1,id139,id420643,21.497201,id1,15.103564
1,145,481166,id1,id145,id481166,48.087278,id1,15.103564
1,151,559845,id1,id151,id559845,56.775523,id1,15.103564
1,157,584878,id1,id157,id584878,78.698268,id1,15.103564
1,162,649834,id1,id162,id649834,30.307181,id1,15.103564
1,168,681933,id1,id168,id681933,16.613572,id1,15.103564
1,173,652197,id1,id173,id652197,22.594988,id1,15.103564
1,178,658016,id1,id178,id658016,86.277687,id1,15.103564
1,183,639442,id1,id183,id639442,31.023952,id1,15.103564
1,188,480430,id1,id188,id480430,62.599481,id1,15.103564
1,194,535152,id1,id194,id535152,13.902134,id1,15.103564
1,199,655874,id1,id199,id655874,55.788331,id1,15.103564
1,204,847128,id1,id204,id847128,11.961248,id1,15.103564
1,209,872877,id1,id209,id872877,34.426873,id1,15.103564
1,214,1029612,id1,id214,id1029612,42.938643,id1,15.103564
1,220,1088641,id1,id220,id1088641,18.130114,id1,15.103564
1,226,169764,id1,id226,id169764,7.089141,id1,15.103564
1,231,185544,id1,id231,id185544,26.271842,id1,15.103564
1,237,136509,id1,id237,id136509,47.768841,id1,15.103564
1,245,78636,id1,id245,id78636,97.863441,id1,15.103564
1,250,33809,id1,id250,id33809,54.36449,id1,15.103564
1,256,114979,id1,id256,id114979,73.653614,id1,15.103564
1,262,154934,id1,id262,id154934,2.962235,id1,15.103564
1,267,223993,id1,id267,id223993,28.876579,id1,15.103564
1,272,265355,id1,id272,id265355,67.048081,id1,15.103564
1,278,390728,id1,id278,id390728,29.341737,id1,15.103564
1,284,341806,id1,id284,id341806,25.111744,id1,15.103564
1,289,497727,id1,id289,id497727,24.556106,id1,15.103564
1,294,520599,id1,id294,id520599,91.194143,id1,15.103564
1,302,469754,id1,id302,id469754,6.761233,id1,15.103564
1,307,512216,id1,id307,id512216,85.367265,id1,15.103564
1,312,485272,id1,id312,id485272,26.73366,id1,15.103564
1,317,591013,id1,id317,id591013,89.036743,id1,15.103564
1,322,560779,id1,id322,id560779,88.723563,id1,15.103564
1,327,576379,id1,id327,id576379,10.908781,id1,15.103564
1,334,606576,id1,id334,id606576,29.271013,id1,15.103564
1,339,598036,id1,id339,id598036,49.057842,id1,15.103564
1,345,673934,id1,id345,id673934,70.663603,id1,15.103564
1,351,573930,id1,id351,id573930,56.356148,id1,15.103564
1,356,487830,id1,id356,id487830,35.084101,id1,15.103564
1,361,480983,id1,id361,id480983,0.397902,id1,15.103564
1,367,488523,id1,id367,id488523,56.311351,id1,15.103564
1,372,515692,id1,id372,id515692,89.889184,id1,15.103564
1,378,558218,id1,id378,id558218,95.227252,id1,15.103564
1,384,618227,id1,id384,id618227,89.173932,id1,15.103564
1,389,567197,id1,id389,id567197,78.125821,id1,15.103564
1,394,680909,id1,id394,id680909,91.150832,id1,15.103564
1,399,618841,id1,id399,id618841,25.115341,id1,15.103564
1,405,690433,id1,id405,id690433,66.281583,id1,15.103564
1,411,697012,id1,id411,id697012,33.576545,id1,15.103564
1,416,633753,id1,id416,id633753,39.473911,id1,15.103564
1,421,611274,id1,id421,id611274,44.09522,id1,15.103564
1,427,609469,id1,id427,id609469,79.978434,id1,15.103564
1,436,587121,id1,id436,id587121,86.033133,id1,15.103564
1,441,677437,id1,id441,id677437,35.929478,id1,15.103564
1,447,644328,id1,id447,id644328,6.135043,id1,15.103564
1,453,581440,id1,id453,id581440,77.641256,id1,15.103564
1,460,510021,id1,id460,id510021,31.514241,id1,15.103564
1,466,509139,id1,id466,id509139,92.950872,id1,15.103564
1,471,466433,id1,id471,id466433,41.73916,id1,15.103564
1,476,628179,id1,id476,id628179,17.523321,id1,15.103564
1,484,696168,id1,id484,id696168,68.44544,id1,15.103564
1,489,740224,id1,id489,id740224,77.375362,id1,15.103564
1,494,756355,id1,id494,id756355,54.853773,id1,15.103564
1,499,680848,id1,id499,id680848,53.718905,id1,15.103564
1,504,674256,id1,id504,id674256,11.678368,id1,15.103564
1,509,609124,id1,id509,id609124,86.293647,id1,15.103564
1,514,580217,id1,id514,id580217,98.204918,id1,15.103564
1,519,524002,id1,id519,id524002,86.937797,id1,15.103564
1,524,537422,id1,id524,id537422,35.942741,id1,15.103564
1,529,567244,id1,id529,id567244,94.508885,id1,15.103564
1,534,527978,id1,id534,id527978,10.64449,id1,15.103564
1,539,483797,id1,id539,id483797,40.263789,id1,15.103564
1,545,297237,id1,id545,id297237,97.696459,id1,15.103564
1,550,303835,id1,id550,id303835,45.48162,id1,15.103564
1,556,272757,id1,id556,id272757,9.199743,id1,15.103564
1,561,186076,id1,id561,id186076,66.535734,id1,15.103564
1,567,270828,id1,id567,id270828,28.868795,id1,15.103564
1,573,309215,id1,id573,id309215,56.160306,id1,15.103564
1,578,190526,id1,id578,id190526,37.516711,id1,15.103564
1,584,138605,id1,id584,id138605,16.104444,id1,15.103564
1,589,21919,id1,id589,id21919,44.602977,id1,15.103564
1,594,33932,id1,id594,id33932,14.050584,id1,15.103564
1,599,128843,id1,id599,id128843,94.457461,id1,15.103564
1,605,114498,id1,id605,id114498,49.573278,id1,15.103564
1,610,98849,id1,id610,id98849,24.588935,id1,15.103564
1,614,1091342,id1,id614,id1091342,2.397651,id1,15.103564
1,619,1050236,id1,id619,id1050236,83.342597,id1,15.103564
1,626,10704,id1,id626,id10704,0.332613,id1,15.103564
1,631,30369,id1,id631,id30369,3.546982,id1,15.103564
1,637,105233,id1,id637,id105233,10.743287,id1,15.103564
1,642,49945,id1,id642,id49945,62.131186,id1,15.103564
1,646,1017964,id1,id646,id1017964,2.376051,id1,15.103564
1,652,18503,id1,id652,id18503,82.550072,id1,15.103564
1,656,1067977,id1,id656,id1067977,64.222254,id1,15.103564
1,664,79331,id1,id664,id79331,47.889466,id1,15.103564
1,669,92475,id1,id669,id92475,65.017458,id1,15.103564
1,675,33067,id1,id675,id33067,51.104908,id1,15.103564
1,681,135076,id1,id681,id135076,20.292334,id1,15.103564
1,685,1084168,id1,id685,id1084168,20.922545,id1,15.103564
1,690,1090447,id1,id690,id1090447,17.525973,id1,15.103564
1,695,1016473,id1,id695,id1016473,59.572055,id1,15.103564
1,700,988998,id1,id700,id988998,6.068393,id1,15.103564
1,706,987853,id1,id706,id987853,64.668552,id1,15.103564
1,711,939905,id1,id711,id939905,89.163447,id1,15.103564
1,718,902540,id1,id718,id902540,19.823554,id1,15.103564
1,724,980720,id1,id724,id980720,52.801685,id1,15.103564
1,730,1032307,id1,id730,id1032307,43.291818,id1,15.103564
1,735,997228,id1,id735,id997228,84.878237,id1,15.103564
1,740,911169,id1,id740,id911169,27.464869,id1,15.103564
1,745,962263,id1,id745,id962263,67.308327,id1,15.103564
1,752,1020213,id1,id752,id1020213,16.888585,id1,15.103564
1,758,15857,id1,id758,id15857,70.789956,id1,15.103564
1,762,1000093,id1,id762,id1000093,2.425791,id1,15.103564
1,770,1009568,id1,id770,id1009568,45.774314,id1,15.103564
1,775,1092462,id1,id775,id1092462,5.22682,id1,15.103564
1,781,90261,id1,id781,id90261,20.031367,id1,15.103564
1,786,148190,id1,id786,id148190,36.107916,id1,15.103564
1,791,209677,id1,id791,id209677,49.606744,id1,15.103564
1,796,238581,id1,id796,id238581,48.060669,id1,15.103564
1,802,252884,id1,id802,id252884,86.626101,id1,15.103564
1,807,203803,id1,id807,id203803,81.51148,id1,15.103564
1,812,255346,id1,id812,id255346,72.947449,id1,15.103564
1,817,157409,id1,id817,id157409,22.623675,id1,15.103564
1,823,171787,id1,id823,id171787,86.726364,id1,15.103564
1,828,202705,id1,id828,id202705,9.066961,id1,15.103564
1,833,43666,id1,id833,id43666,86.200998,id1,15.103564
1,839,10566,id1,id839,id10566,23.404028,id1,15.103564
1,844,145485,id1,id844,id145485,95.077721,id1,15.103564
1,849,65768,id1,id849,id65768,3.842097,id1,15.103564
1,854,133844,id1,id854,id133844,70.742851,id1,15.103564
1,860,130635,id1,id860,id130635,39.350655,id1,15.103564
1,865,85727,id1,id865,id85727,1.338624,id1,15.103564
1,869,1066326,id1,id869,id1066326,21.32023,id1,15.103564
1,874,1034306,id1,id874,id1034306,45.516738,id1,15.103564
1,879,1073712,id1,id879,id1073712,91.104606,id1,15.103564
1,885,9241,id1,id885,id9241,65.468546,id1,15.103564
1,889,1042915,id1,id889,id1042915,6.643596,id1,15.103564
1,894,1094189,id1,id894,id1094189,68.91119,id1,15.103564
1,899,938678,id1,id899,id938678,77.219513,id1,15.103564
1,904,755857,id1,id904,id755857,21.317774,id1,15.103564
1,910,679854,id1,id910,id679854,35.917094,id1,15.103564
1,916,749757,id1,id916,id749757,28.881978,id1,15.103564
1,921,819189,id1,id921,id819189,59.728821,id1,15.103564
1,926,758582,id1,id926,id758582,49.873841,id1,15.103564
1,934,701001,id1,id934,id701001,58.722699,id1,15.103564
1,939,662365,id1,id939,id662365,26.022107,id1,15.103564
1,944,681289,id1,id944,id681289,85.703914,id1,15.103564
1,949,650500,id1,id949,id650500,18.953425,id1,15.103564
1,955,639624,id1,id955,id639624,26.337745,id1,15.103564
1,960,756058,id1,id960,id756058,24.591227,id1,15.103564
1,966,768267,id1,id966,id768267,51.009329,id1,15.103564
1,971,644178,id1,id971,id644178,73.903707,id1,15.103564
1,976,686509,id1,id976,id686509,76.583825,id1,15.103564
1,982,853967,id1,id982,id853967,89.789284,id1,15.103564
1,988,828272,id1,id988,id828272,36.245798,id1,15.103564
1,994,809299,id1,id994,id809299,74.369892,id1,15.103564
1,1001,839885,id1,id1001,id839885,62.056005,id1,15.103564
1,1006,775095,id1,id1006,id775095,95.178874,id1,15.103564
1,1012,877912,id1,id1012,id877912,68.604573,id1,15.103564
1,1018,830175,id1,id1018,id830175,4.293942,id1,15.103564
1,1023,919439,id1,id1023,id919439,3.417137,id1,15.103564
1,1028,871936,id1,id1028,id871936,96.985231,id1,15.103564
1,1033,804555,id1,id1033,id804555,39.53771,id1,15.103564
1,1038,801267,id1,id1038,id801267,96.337961,id1,15.103564
1,1043,821604,id1,id1043,id821604,25.515986,id1,15.103564
1,1048,967049,id1,id1048,id967049,82.350608,id1,15.103564
1,1054,1049191,id1,id1054,id1049191,76.274948,id1,15.103564
1,1061,990843,id1,id1061,id990843,72.291315,id1,15.103564
1,1066,909871,id1,id1066,id909871,46.387667,id1,15.103564
1,1072,1002591,id1,id1072,id1002591,65.835336,id1,15.103564
1,1079,969804,id1,id1079,id969804,30.767244,id1,15.103564
1,1084,952100,id1,id1084,id952100,92.523344,id1,15.103564
1,1089,1017140,id1,id1089,id1017140,35.381693,id1,15.103564
1,1094,1063269,id1,id1094,id1063269,72.244405,id1,15.103564
