id1,id2,v1
id001,id001,260
id001,id051,319
id002,id001,247
id002,id051,322
id003,id001,393
id003,id051,224
id004,id001,285
id004,id051,293
id005,id001,278
id005,id051,358
id006,id001,274
id006,id051,300
id007,id001,296
id007,id051,294
id008,id001,392
id008,id051,290
id009,id001,327
id009,id051,315
id010,id001,298
id010,id051,271
id011,id001,292
id011,id051,282
id012,id001,324
id012,id051,286
id013,id001,314
id013,id051,258
id014,id001,298
id014,id051,304
id015,id001,301
id015,id051,278
id016,id001,271
id016,id051,260
id017,id001,307
id017,id051,289
id018,id001,339
id018,id051,297
id019,id001,277
id019,id051,322
id020,id001,277
id020,id051,310
id021,id001,313
id021,id051,363
id022,id001,320
id022,id051,340
id023,id001,337
id023,id051,216
id024,id001,301
id024,id051,277
id025,id001,288
id025,id051,361
id026,id001,361
id026,id051,273
id027,id001,269
id027,id051,302
id028,id001,282
id028,id051,320
id029,id001,301
id029,id051,282
id030,id001,285
id030,id051,311
id031,id001,333
id031,id051,378
id032,id001,309
id032,id051,332
id033,id001,350
id033,id051,312
id034,id001,376
id034,id051,332
id035,id001,289
id035,id051,296
id036,id001,325
id036,id051,258
id037,id001,279
id037,id051,279
id038,id001,324
id038,id051,333
id039,id001,309
id039,id051,265
id040,id001,329
id040,id051,291
id041,id001,370
id041,id051,275
id042,id001,268
id042,id051,251
id043,id001,251
id043,id051,243
id044,id001,344
id044,id051,312
id045,id001,336
id045,id051,357
id046,id001,340
id046,id051,341
id047,id001,391
id047,id051,324
id048,id001,273
id048,id051,332
id049,id001,255
id049,id051,274
id050,id001,303
id050,id051,254
id051,id001,292
id051,id051,332
id052,id001,267
id052,id051,240
id053,id001,263
id053,id051,325
id054,id001,308
id054,id051,259
id055,id001,261
id055,id051,281
id056,id001,321
id056,id051,319
id057,id001,317
id057,id051,331
id058,id001,275
id058,id051,248
id059,id001,279
id059,id051,332
id060,id001,317
id060,id051,307
id061,id001,274
id061,id051,313
id062,id001,322
id062,id051,268
id063,id001,313
id063,id051,308
id064,id001,292
id064,id051,244
id065,id001,315
id065,id051,267
id066,id001,287
id066,id051,254
id067,id001,272
id067,id051,291
id068,id001,280
id068,id051,266
id069,id001,312
id069,id051,252
id070,id001,320
id070,id051,307
id071,id001,306
id071,id051,258
id072,id001,330
id072,id051,326
id073,id001,280
id073,id051,323
id074,id001,299
id074,id051,294
id075,id001,354
id075,id051,287
id076,id001,305
id076,id051,307
id077,id001,378
id077,id051,244
id078,id001,282
id078,id051,296
id079,id001,347
id079,id051,385
id080,id001,307
id080,id051,299
id081,id001,323
id081,id051,285
id082,id001,300
id082,id051,286
id083,id001,283
id083,id051,324
id084,id001,326
id084,id051,287
id085,id001,304
id085,id051,289
id086,id001,348
id086,id051,298
id087,id001,315
id087,id051,345
id088,id001,264
id088,id051,329
id089,id001,336
id089,id051,340
id090,id001,310
id090,id051,281
id091,id001,290
id091,id051,362
id092,id001,288
id092,id051,291
id093,id001,368
id093,id051,273
id094,id001,361
id094,id051,333
id095,id001,264
id095,id051,331
id096,id001,248
id096,id051,318
id097,id001,343
id097,id051,296
id098,id001,263
id098,id051,319
id099,id001,307
id099,id051,300
id100,id001,269
id100,id051,253
