question,rows,stride
groupby/1e6/q01,100,1
groupby/1e6/q02,10000,50
groupby/1e6/q03,10000,50
groupby/1e6/q04,100,1
groupby/1e6/q05,10000,50
groupby/1e6/q06,10000,50
groupby/1e6/q07,10000,50
groupby/1e6/q08,20000,100
groupby/1e6/q09,10000,50
groupby/1e6/q10,1000000,5000
join/1e6/q01,1000000,5000
join/1e6/q02,900402,4503
join/1e6/q03,1000000,5000
join/1e6/q04,900402,4503
join/1e6/q05,900000,4500
tpch/sf0.1/q01,4,1
tpch/sf0.1/q02,44,1
tpch/sf0.1/q03,10,1
tpch/sf0.1/q04,5,1
tpch/sf0.1/q05,5,1
tpch/sf0.1/q06,1,1
tpch/sf0.1/q07,4,1
tpch/sf0.1/q08,2,1
tpch/sf0.1/q09,175,1
tpch/sf0.1/q10,20,1
tpch/sf0.1/q11,22,1
tpch/sf0.1/q12,2,1
tpch/sf0.1/q13,37,1
tpch/sf0.1/q14,1,1
tpch/sf0.1/q15,1,1
tpch/sf0.1/q16,2762,14
tpch/sf0.1/q17,1,1
tpch/sf0.1/q18,5,1
tpch/sf0.1/q19,1,1
tpch/sf0.1/q20,9,1
tpch/sf0.1/q21,47,1
tpch/sf0.1/q22,7,1
