p_brand,p_type,p_size,supplier_cnt
Brand#14,SMALL ANODIZED NICKEL,45,12
Brand#12,SMALL BRUSHED NICKEL,23,8
Brand#14,PROMO BRUSHED STEEL,9,8
Brand#22,MEDIUM ANODIZED STEEL,36,8
Brand#24,LARGE BURNISHED STEEL,14,8
Brand#32,STANDARD BURNISHED STEEL,45,8
Brand#41,PROMO BURNISHED TIN,14,8
Brand#43,SMALL BURNISHED TIN,45,8
Brand#51,SMALL BRUSHED TIN,36,8
Brand#53,STANDARD PLATED STEEL,45,8
Brand#42,STANDARD PLATED COPPER,19,7
Brand#11,ECONOMY PLATED COPPER,19,4
Brand#11,LARGE BRUSHED TIN,3,4
Brand#11,MEDIUM BRUSHED BRASS,45,4
Brand#11,PROMO BRUSHED BRASS,23,4
Brand#11,PROMO POLISHED TIN,49,4
Brand#11,SMALL PLATED STEEL,36,4
Brand#11,STANDARD POLISHED NICKEL,45,4
Brand#12,ECONOMY PLATED TIN,36,4
Brand#12,LARGE PLATED BRASS,3,4
Brand#12,MEDIUM BRUSHED COPPER,49,4
Brand#12,PROMO ANODIZED NICKEL,14,4
Brand#12,PROMO POLISHED NICKEL,3,4
Brand#12,SMALL BURNISHED COPPER,36,4
Brand#12,STANDARD BURNISHED NICKEL,49,4
Brand#13,ECONOMY ANODIZED STEEL,45,4
Brand#13,ECONOMY POLISHED STEEL,49,4
Brand#13,LARGE BRUSHED NICKEL,23,4
Brand#13,MEDIUM ANODIZED BRASS,3,4
Brand#13,MEDIUM PLATED BRASS,23,4
Brand#13,PROMO BURNISHED TIN,19,4
Brand#13,SMALL BRUSHED TIN,9,4
Brand#13,STANDARD BRUSHED BRASS,19,4
Brand#13,STANDARD POLISHED STEEL,23,4
Brand#14,ECONOMY PLATED COPPER,49,4
Brand#14,LARGE PLATED NICKEL,3,4
Brand#14,MEDIUM ANODIZED STEEL,23,4
Brand#14,PROMO BURNISHED BRASS,23,4
Brand#14,SMALL BRUSHED TIN,36,4
Brand#14,SMALL POLISHED STEEL,14,4
Brand#14,STANDARD POLISHED NICKEL,3,4
Brand#15,ECONOMY PLATED NICKEL,49,4
Brand#15,LARGE BRUSHED STEEL,14,4
Brand#15,MEDIUM ANODIZED NICKEL,3,4
Brand#15,PROMO ANODIZED COPPER,23,4
Brand#15,PROMO PLATED TIN,49,4
Brand#15,SMALL BURNISHED COPPER,14,4
Brand#15,SMALL POLISHED COPPER,9,4
Brand#15,STANDARD PLATED COPPER,14,4
Brand#21,ECONOMY BRUSHED BRASS,14,4
Brand#21,ECONOMY POLISHED NICKEL,9,4
Brand#21,LARGE PLATED TIN,19,4
Brand#21,MEDIUM BURNISHED NICKEL,14,4
Brand#21,PROMO BRUSHED STEEL,23,4
Brand#21,SMALL BRUSHED BRASS,23,4
Brand#21,STANDARD ANODIZED BRASS,9,4
Brand#21,STANDARD POLISHED TIN,36,4
Brand#22,ECONOMY BURNISHED STEEL,14,4
Brand#22,LARGE BURNISHED STEEL,45,4
Brand#22,MEDIUM ANODIZED NICKEL,36,4
Brand#22,MEDIUM PLATED COPPER,9,4
Brand#22,PROMO PLATED STEEL,19,4
Brand#22,SMALL PLATED TIN,36,4
Brand#22,STANDARD BURNISHED STEEL,3,4
Brand#23,ECONOMY ANODIZED STEEL,14,4
Brand#23,LARGE ANODIZED COPPER,45,4
Brand#23,MEDIUM ANODIZED TIN,36,4
Brand#23,PROMO ANODIZED COPPER,9,4
Brand#23,PROMO POLISHED BRASS,23,4
Brand#23,SMALL PLATED BRASS,49,4
Brand#23,STANDARD BRUSHED STEEL,49,4
Brand#24,ECONOMY ANODIZED COPPER,9,4
Brand#24,ECONOMY POLISHED STEEL,36,4
Brand#24,LARGE PLATED NICKEL,49,4
Brand#24,MEDIUM BRUSHED NICKEL,9,4
Brand#24,PROMO ANODIZED STEEL,3,4
Brand#24,PROMO POLISHED NICKEL,3,4
Brand#24,SMALL BURNISHED TIN,9,4
Brand#24,STANDARD BRUSHED BRASS,14,4
Brand#25,ECONOMY ANODIZED BRASS,14,4
Brand#25,ECONOMY POLISHED TIN,45,4
Brand#25,LARGE BURNISHED TIN,49,4
Brand#25,MEDIUM BURNISHED NICKEL,9,4
Brand#25,PROMO ANODIZED COPPER,19,4
Brand#25,PROMO PLATED COPPER,19,4
Brand#25,SMALL BURNISHED STEEL,14,4
Brand#25,STANDARD BRUSHED TIN,9,4
Brand#31,ECONOMY ANODIZED TIN,45,4
Brand#31,ECONOMY POLISHED COPPER,3,4
Brand#31,LARGE POLISHED BRASS,14,4
Brand#31,MEDIUM BRUSHED STEEL,14,4
Brand#31,PROMO BRUSHED BRASS,23,4
Brand#31,SMALL ANODIZED COPPER,45,4
Brand#31,SMALL POLISHED COPPER,45,4
Brand#32,ECONOMY ANODIZED STEEL,23,4
Brand#32,ECONOMY POLISHED STEEL,3,4
Brand#32,LARGE PLATED STEEL,36,4
Brand#32,MEDIUM BURNISHED BRASS,36,4
Brand#32,PROMO ANODIZED NICKEL,23,4
Brand#32,SMALL ANODIZED BRASS,3,4
Brand#32,SMALL BURNISHED TIN,23,4
Brand#32,SMALL POLISHED TIN,45,4
Brand#32,STANDARD PLATED BRASS,45,4
Brand#33,ECONOMY BURNISHED COPPER,3,4
Brand#33,ECONOMY POLISHED TIN,9,4
Brand#33,LARGE BURNISHED NICKEL,23,4
Brand#33,MEDIUM ANODIZED COPPER,49,4
Brand#33,PROMO BURNISHED COPPER,23,4
Brand#33,SMALL ANODIZED COPPER,23,4
Brand#33,SMALL PLATED TIN,36,4
Brand#33,STANDARD BURNISHED BRASS,9,4
Brand#33,STANDARD POLISHED STEEL,14,4
Brand#34,ECONOMY PLATED BRASS,14,4
Brand#34,LARGE BRUSHED STEEL,14,4
Brand#34,MEDIUM ANODIZED COPPER,36,4
Brand#34,PROMO ANODIZED NICKEL,14,4
Brand#34,SMALL ANODIZED BRASS,36,4
Brand#34,SMALL BRUSHED TIN,23,4
Brand#34,STANDARD ANODIZED COPPER,45,4
Brand#34,STANDARD BURNISHED TIN,45,4
Brand#35,ECONOMY BURNISHED TIN,9,4
Brand#35,LARGE BURNISHED BRASS,36,4
Brand#35,MEDIUM BRUSHED COPPER,36,4
Brand#35,PROMO BRUSHED BRASS,49,4
Brand#35,PROMO POLISHED TIN,36,4
Brand#35,SMALL BURNISHED TIN,49,4
Brand#35,STANDARD BRUSHED BRASS,23,4
Brand#35,STANDARD PLATED STEEL,23,4
Brand#41,ECONOMY PLATED TIN,23,4
Brand#41,LARGE ANODIZED STEEL,23,4
Brand#41,LARGE POLISHED COPPER,19,4
Brand#41,MEDIUM BURNISHED TIN,3,4
Brand#41,PROMO BURNISHED TIN,3,4
Brand#41,SMALL PLATED COPPER,14,4
Brand#41,STANDARD BRUSHED BRASS,19,4
Brand#41,STANDARD POLISHED STEEL,19,4
Brand#42,ECONOMY PLATED COPPER,23,4
Brand#42,LARGE BURNISHED BRASS,49,4
Brand#42,MEDIUM ANODIZED NICKEL,19,4
Brand#42,MEDIUM PLATED STEEL,3,4
Brand#42,PROMO PLATED NICKEL,23,4
Brand#42,SMALL BURNISHED TIN,9,4
Brand#42,STANDARD BURNISHED STEEL,3,4
Brand#43,ECONOMY ANODIZED COPPER,19,4
Brand#43,ECONOMY PLATED TIN,19,4
Brand#43,LARGE BURNISHED COPPER,3,4
Brand#43,MEDIUM ANODIZED COPPER,49,4
Brand#43,MEDIUM PLATED NICKEL,45,4
Brand#43,PROMO PLATED COPPER,49,4
Brand#43,SMALL BURNISHED STEEL,23,4
Brand#43,STANDARD BURNISHED BRASS,23,4
Brand#44,ECONOMY ANODIZED NICKEL,36,4
Brand#44,ECONOMY POLISHED STEEL,49,4
Brand#44,LARGE PLATED BRASS,9,4
Brand#44,MEDIUM BRUSHED TIN,49,4
Brand#44,PROMO PLATED STEEL,49,4
Brand#44,SMALL BURNISHED STEEL,23,4
Brand#44,STANDARD ANODIZED TIN,9,4
Brand#51,ECONOMY ANODIZED BRASS,9,4
Brand#51,ECONOMY PLATED NICKEL,49,4
Brand#51,LARGE BURNISHED NICKEL,14,4
Brand#51,MEDIUM BURNISHED STEEL,14,4
Brand#51,PROMO PLATED BRASS,3,4
Brand#51,SMALL PLATED NICKEL,14,4
Brand#51,STANDARD BURNISHED NICKEL,49,4
Brand#52,ECONOMY ANODIZED BRASS,23,4
Brand#52,ECONOMY POLISHED NICKEL,36,4
Brand#52,LARGE BURNISHED TIN,45,4
Brand#52,MEDIUM ANODIZED TIN,49,4
Brand#52,PROMO ANODIZED BRASS,23,4
Brand#52,PROMO BURNISHED STEEL,23,4
Brand#52,SMALL ANODIZED COPPER,3,4
Brand#52,STANDARD ANODIZED BRASS,45,4
Brand#53,ECONOMY ANODIZED BRASS,45,4
Brand#53,ECONOMY PLATED NICKEL,14,4
Brand#53,LARGE BURNISHED NICKEL,23,4
Brand#53,MEDIUM ANODIZED BRASS,23,4
Brand#53,MEDIUM BURNISHED TIN,14,4
Brand#53,PROMO BURNISHED BRASS,23,4
Brand#53,SMALL BRUSHED BRASS,36,4
Brand#53,STANDARD ANODIZED BRASS,14,4
Brand#53,STANDARD PLATED STEEL,49,4
Brand#54,ECONOMY BURNISHED NICKEL,36,4
Brand#54,LARGE BRUSHED BRASS,14,4
Brand#54,LARGE POLISHED STEEL,19,4
Brand#54,PROMO ANODIZED NICKEL,45,4
Brand#54,SMALL ANODIZED COPPER,49,4
Brand#54,SMALL BURNISHED STEEL,14,4
Brand#54,STANDARD ANODIZED BRASS,3,4
Brand#54,STANDARD PLATED BRASS,49,4
Brand#55,ECONOMY BURNISHED TIN,45,4
Brand#55,LARGE PLATED STEEL,9,4
Brand#55,MEDIUM BURNISHED STEEL,14,4
Brand#55,PROMO BURNISHED TIN,49,4
Brand#55,SMALL PLATED BRASS,45,4
Brand#55,STANDARD ANODIZED STEEL,19,4
Brand#55,STANDARD PLATED BRASS,23,4
Brand#22,PROMO BURNISHED COPPER,14,3
