id4,id5,median_v3,sd_v3
1,1,47.595841,30.00663361065574
1,51,50.413173,26.896374818194182
2,1,42.442341,31.036363601529096
2,51,51.592502999999994,28.31762584046637
3,1,47.430502,28.18334822683616
3,51,52.862264,27.748251116580814
4,1,45.614981,30.175159560250712
4,51,48.544343,29.188384253270527
5,1,43.095787,28.81306399537613
5,51,45.329563,32.79616795479201
6,1,48.956140500000004,26.93214459961683
6,51,54.221483000000006,28.07382106544034
7,1,51.125778,25.371478563024905
7,51,46.802575,27.000625507196396
8,1,52.22883,29.640035552770048
8,51,47.393834,28.465779449788446
9,1,45.390727,28.35904466215081
9,51,42.651412,28.29020506154646
10,1,57.325224,26.802763381096636
10,51,54.618819,31.836073579199994
11,1,45.866904,30.169095179309878
11,51,62.229938000000004,29.907063388906142
12,1,57.301663000000005,27.434741398467914
12,51,46.1517635,26.429412999757055
13,1,43.722849,30.48947311192311
13,51,55.5740125,29.66982655808526
14,1,40.561454,27.993415915005293
14,51,46.558107,28.85318852027978
15,1,51.579138,28.885492199321455
15,51,45.003218000000004,30.96708478743233
16,1,55.2754915,28.84889936421302
16,51,55.656185,28.98115077730156
17,1,52.835841,29.702083191304823
17,51,41.561884,28.21965162489867
18,1,55.825018,26.92467811762463
18,51,50.5095265,28.86388729774756
19,1,62.309141,28.540642433587642
19,51,43.2034655,27.721678487132493
20,1,51.778685,30.306934080681494
20,51,56.687055,30.528448824039188
21,1,54.303611,30.232189508478896
21,51,52.5204655,30.53636723798622
22,1,50.7992805,28.8279616539106
22,51,60.323057500000004,29.439851197700186
23,1,55.197528,29.224440327100165
23,51,51.983408,27.157078035454493
24,1,47.522016,25.17173751430847
24,51,46.012283499999995,28.43375264685368
25,1,50.561925,26.139818019628656
25,51,55.649004500000004,27.551237580669444
26,1,45.8351125,27.464546981306682
26,51,56.74872,29.969462104569498
27,1,45.8944625,29.527176821542064
27,51,55.097486,31.15598269163837
28,1,42.811656,28.785550203893855
28,51,48.255477,27.778691919923894
29,1,47.856522,29.068503662747556
29,51,55.7265645,28.956506013838645
30,1,53.474763,27.214669545230738
30,51,52.227667499999995,30.345461810658474
31,1,48.723465,28.89642826788741
31,51,61.202358,30.9778197386874
32,1,57.0925385,27.823601165785306
32,51,55.601249,28.238772803310443
33,1,49.746199,29.08775487007338
33,51,54.442604,27.93944492670867
34,1,42.746104,27.54386339766765
34,51,48.994797,27.732713489207487
35,1,49.917626,26.642603735063545
35,51,60.608663,29.198926659414518
36,1,55.337972,30.59299749931987
36,51,58.969609,29.720479559419196
37,1,49.088417,28.489886258821045
37,51,51.151698,27.833557078504704
38,1,48.09963,27.892865927985206
38,51,52.79256,29.350313148056184
39,1,53.388833000000005,27.816738274585138
39,51,49.8266215,30.735850939959864
40,1,53.419175,26.977460664817368
40,51,57.097436,28.198198287397428
41,1,51.759191,28.54170605038781
41,51,47.278555,28.584716887322777
42,1,54.451388,27.599011534566472
42,51,52.690597,27.225010114060314
43,1,55.340955,30.297971357737584
43,51,54.011005499999996,31.85902839984144
44,1,44.781741,30.698222271666346
44,51,45.692362,30.701300751686137
45,1,52.743868,28.43830903205913
45,51,51.975208,30.231038066339583
46,1,55.97202,28.655061827494613
46,51,46.584156,26.69686354049158
47,1,41.760585,30.382947299557824
47,51,46.4818095,27.61722168304809
48,1,49.6111105,29.38993546511273
48,51,46.6509,27.77180600814525
49,1,60.135215,29.729540183862717
49,51,51.961218,28.399562985199903
50,1,41.935875,26.34426593625658
50,51,46.4319695,29.04755761424587
51,1,43.989927,28.548678953614736
51,51,50.4507475,27.394145796439144
52,1,57.267688,28.778702392158962
52,51,53.733554999999996,29.797332030015593
53,1,50.870091,29.559881332964146
53,51,51.2722025,29.20258794010535
54,1,56.1091215,28.603407491290174
54,51,46.4335425,26.516091162222086
55,1,50.305035,27.296147291279386
55,51,49.723019,27.240095784056475
56,1,54.364022000000006,27.03198907083442
56,51,51.619111,29.757743676853345
57,1,42.1985945,29.25838661218947
57,51,43.389210500000004,28.876654577455092
58,1,46.836534,30.708275274821872
58,51,46.2216345,26.7119103187904
59,1,46.956547,29.140339616506996
59,51,50.20776,29.345127654247296
60,1,55.3838145,28.289756696412862
60,51,53.306421,29.169963563239413
61,1,54.374711,29.63643994685443
61,51,46.088052,26.86108308860653
62,1,44.722912,28.65282632344361
62,51,51.639857,29.599169779750948
63,1,49.764162,28.525264088136016
63,51,53.8973415,28.14199439723581
64,1,43.4757125,28.84980445068984
64,51,47.245487,29.09317457892579
65,1,49.055345,29.830504643035095
65,51,53.998702,29.874644970897815
66,1,45.550591,28.701811356672092
66,51,47.865364,30.24099244266223
67,1,29.041752,28.516001246555074
67,51,51.025742,26.68940181155439
68,1,54.110677,27.18567484573006
68,51,56.578863999999996,26.756023919487635
69,1,51.282516,28.010747521275796
69,51,57.1883385,27.50705123940163
70,1,53.1775125,28.868410212299207
70,51,37.732056,27.59499629657179
71,1,54.675379,27.303761667660353
71,51,47.701337,29.01466974095279
72,1,46.467228,28.67773921008198
72,51,50.364486,27.030714815238504
73,1,44.610369500000004,30.74574817232801
73,51,48.5004525,27.17807094618864
74,1,52.089202,29.76287718700965
74,51,54.568988000000004,28.641157319521973
75,1,39.187344,26.27918740235308
75,51,52.653538,28.256307144731892
76,1,52.232746,26.91679473249965
76,51,53.330597,30.099759289403618
77,1,51.1153,27.938043833754342
77,51,45.515345499999995,29.055973041452777
78,1,48.990969,29.23072393338745
78,51,56.489318499999996,27.76114500828252
79,1,49.449985999999996,27.584991492494126
79,51,52.329162,29.543914046270984
80,1,45.825228,29.00290475744104
80,51,52.875014,26.89803579209331
81,1,54.004031,27.675063539868567
81,51,49.94002,27.3644013457859
82,1,45.6610365,30.278674711595837
82,51,42.738552999999996,28.788210622690556
83,1,48.40258,29.04652079076108
83,51,43.058828500000004,29.397584940241757
84,1,45.28406,29.305882100629283
84,51,48.609795,28.63754382715337
85,1,51.153932999999995,27.821598133934224
85,51,55.38982,30.74074604646894
86,1,44.1979995,28.717322465184843
86,51,57.5138135,29.00162621228595
87,1,47.910804,28.523486102987324
87,51,51.759238499999995,28.83006709353974
88,1,53.628685,27.981759043747548
88,51,41.2451785,28.641914779323823
89,1,49.496156,29.31280951521887
89,51,52.241756,29.494743142241052
90,1,41.5219695,30.421955682613802
90,51,45.116268,28.45295016993924
91,1,46.578542,28.749549849032977
91,51,47.783963,30.390736554137522
92,1,53.066551,31.583380346280574
92,51,48.7572415,27.14577054568046
93,1,46.7802385,29.452324970857934
93,51,42.3708225,27.706231189398455
94,1,48.123487,28.857866414588255
94,51,48.125494,31.51658413591427
95,1,53.405959,28.726001807297006
95,51,50.527389,27.927081162756505
96,1,49.639251,28.69570733628823
96,51,52.5212375,28.257593610051025
97,1,49.032287999999994,26.05775477932648
97,51,43.023605,26.92401246884919
98,1,45.647186,30.853408499880842
98,51,43.1649505,28.455642081966637
99,1,52.26556,27.07155107449838
99,51,46.216104,28.893113198218476
100,1,52.797228000000004,27.959391572238374
100,51,49.037457,30.19069556359362
