year,month,day,dep_time,carrier,flight,origin,dest,dep_delay,arr_delay,distance
2013,7,26,903,UA,100,EWR,SFO,3,4,2565
2013,9,24,1415,WN,137,EWR,DEN,0,6,1605
2013,7,11,559,AA,174,JFK,MIA,-1,-2,1089
2013,12,15,1145,DL,211,JFK,LAX,15,2,2475
2013,2,5,1418,HA,248,JFK,HNL,3,13,4983
2013,7,8,1732,OO,285,LGA,DTW,32,17,502
2013,3,27,1656,F9,322,LGA,DEN,-4,9,1620
2013,2,2,1707,F9,359,LGA,DEN,7,21,1620
2013,1,23,619,HA,396,JFK,HNL,19,32,4983
2013,12,4,950,DL,433,JFK,LAX,50,43,2475
2013,10,5,1422,DL,470,JFK,LAX,7,-7,2475
2013,3,1,821,F9,507,LGA,DEN,36,46,1620
2013,12,7,1128,WN,544,LGA,MDW,-2,5,725
2013,10,12,1728,OO,581,LGA,DTW,28,20,502
2013,2,10,1412,AA,618,LGA,ORD,-3,-3,733
2013,9,18,926,DL,655,LGA,ATL,26,37,762
2013,9,21,1124,B6,692,JFK,BOS,-6,6,187
2013,11,18,612,DL,729,JFK,LAX,12,5,2475
2013,5,11,557,DL,766,JFK,LAX,-3,-6,2475
2013,12,24,1142,UA,803,EWR,SFO,12,11,2565
2013,12,20,812,AA,840,JFK,MIA,27,37,1089
2013,4,2,1129,F9,877,LGA,DEN,-1,-3,1620
2013,3,5,1954,WN,914,EWR,DEN,-1,-12,1605
2013,5,2,1655,HA,951,JFK,HNL,-5,-14,4983
2013,12,18,1142,OO,988,LGA,DTW,12,9,502
2013,12,21,1718,F9,125,LGA,DEN,18,17,1620
2013,3,26,753,F9,162,LGA,DEN,8,19,1620
2013,5,1,907,HA,199,JFK,HNL,7,13,4983
2013,7,20,903,B6,236,JFK,FLL,3,0,1069
2013,4,10,859,WN,273,LGA,MDW,-1,7,725
2013,7,6,1704,OO,310,LGA,DTW,4,1,502
2013,7,15,1958,OO,347,LGA,DTW,3,12,502
2013,8,19,1659,B6,384,JFK,FLL,-1,5,1069
2013,12,10,739,B6,421,JFK,FLL,-6,7,1069
2013,10,15,558,HA,458,JFK,HNL,-2,10,4983
2013,3,24,751,UA,495,EWR,IAH,6,17,1400
2013,8,12,600,WN,532,EWR,DEN,0,-9,1605
2013,12,10,1704,F9,569,LGA,DEN,4,9,1620
2013,5,21,752,B6,606,JFK,BOS,7,19,187
2013,10,26,2022,OO,643,LGA,DTW,27,15,502
2013,9,10,656,HA,680,JFK,HNL,56,45,4983
2013,11,19,759,B6,717,JFK,FLL,14,4,1069
2013,9,21,615,DL,754,LGA,ATL,15,18,762
2013,12,10,2004,F9,791,LGA,DEN,9,21,1620
2013,2,18,1719,DL,828,LGA,ATL,19,29,762
2013,9,24,2006,OO,865,LGA,DTW,11,24,502
2013,5,9,1205,HA,902,JFK,HNL,35,50,4983
2013,12,25,1130,HA,939,JFK,HNL,0,11,4983
2013,5,28,740,F9,976,LGA,DEN,-5,-20,1620
2013,8,4,753,AA,113,JFK,MIA,8,12,1089
2013,4,10,1236,DL,150,JFK,LAX,66,71,2475
2013,6,24,556,AA,187,JFK,MIA,-4,-17,1089
2013,2,25,931,B6,224,JFK,FLL,31,16,1069
2013,10,11,613,HA,261,JFK,HNL,13,0,4983
2013,5,2,903,HA,298,JFK,HNL,3,17,4983
2013,3,6,626,WN,335,EWR,DEN,26,40,1605
2013,9,2,1159,DL,372,LGA,ATL,29,17,762
2013,3,26,1955,HA,409,JFK,HNL,0,11,4983
2013,9,2,NA,OO,446,LGA,DTW,NA,NA,502
2013,9,8,2003,WN,483,LGA,MDW,8,3,725
