episode_return,episode_length,loss,epsilon,avg_q
10.000000,10,5.051648,0.370938,-1.323972
10.000000,10,6.869764,0.367346,-1.199065
10.000000,10,3.493896,0.363791,-1.072389
10.000000,10,0.678750,0.360270,-0.953435
10.000000,10,4.672911,0.356785,-0.849462
10.000000,10,0.433072,0.353334,-0.740372
10.000000,10,0.428280,0.349918,-0.656269
10.000000,10,0.498708,0.346536,-0.588456
10.000000,10,0.813803,0.343187,-0.546493
10.000000,10,1.014369,0.339872,-0.498315
10.000000,10,3.621678,0.336590,-0.426476
10.000000,10,1.430836,0.333340,-0.336208
10.000000,10,0.814162,0.330123,-0.241323
10.000000,10,1.168278,0.326938,-0.154921
10.000000,10,3.710621,0.323784,-0.074518
10.000000,10,3.769485,0.320662,0.019492
10.000000,10,3.126170,0.317571,0.098044
10.000000,10,2.754892,0.314510,0.182046
10.000000,10,3.226544,0.311480,0.271125
10.000000,10,1.192084,0.308481,0.302242
10.000000,10,3.157178,0.305511,0.370929
10.000000,10,1.511949,0.302570,0.473055
10.000000,10,1.191352,0.299659,0.558380
10.000000,10,2.029309,0.296777,0.600095
10.000000,10,1.541386,0.293924,0.658974
10.000000,10,1.173373,0.291098,0.771526
10.000000,10,2.474754,0.288301,0.851250
10.000000,10,2.402626,0.285532,0.920005
10.000000,10,1.040872,0.282791,0.983147
10.000000,10,5.390485,0.280076,1.024891
10.000000,10,2.844271,0.277389,1.093369
10.000000,10,3.004035,0.274729,1.184368
10.000000,10,3.216786,0.272094,1.269145
10.000000,10,7.711541,0.269487,1.337789
10.000000,10,4.874745,0.266905,1.378510
10.000000,10,1.228369,0.264348,1.439831
10.000000,10,3.647072,0.261818,1.508671
10.000000,10,1.488657,0.259312,1.576499
10.000000,10,7.955673,0.256831,1.639882
10.000000,10,4.625589,0.254375,1.713710
10.000000,10,2.017195,0.251944,1.777387
10.000000,10,3.093382,0.249536,1.870699
10.000000,10,2.757987,0.247153,1.938421
10.000000,10,3.908365,0.244793,2.010253
10.000000,10,4.030960,0.242457,2.107666
10.000000,10,6.946445,0.240144,2.159981
10.000000,10,5.115067,0.237854,2.230790
10.000000,10,6.217677,0.235587,2.288532
10.000000,10,3.228297,0.233342,2.337737
10.000000,10,4.534110,0.231120,2.370011
10.000000,10,4.669247,0.228920,2.394781
10.000000,10,4.885805,0.226741,2.463118
10.000000,10,5.135823,0.224585,2.559996
10.000000,10,2.000968,0.222450,2.608249
10.000000,10,2.956141,0.220336,2.614237
10.000000,10,4.457853,0.218243,2.644503
10.000000,10,3.973451,0.216171,2.719693
10.000000,10,4.045501,0.214119,2.772907
10.000000,10,4.260339,0.212088,2.807694
10.000000,10,6.334618,0.210078,2.845068
10.000000,10,1.616518,0.208087,2.860033
10.000000,10,3.068456,0.206116,2.927186
10.000000,10,2.351017,0.204164,3.022367
10.000000,10,1.837473,0.202232,3.121671
10.000000,10,1.709648,0.200320,3.187469
10.000000,10,2.536231,0.198426,3.176838
10.000000,10,1.196679,0.196551,3.202757
10.000000,10,5.933943,0.194695,3.265995
10.000000,10,2.950801,0.192857,3.315814
10.000000,10,2.110253,0.191038,3.341247
10.000000,10,5.416174,0.189236,3.374427
10.000000,10,5.172091,0.187453,3.445715
10.000000,10,4.066215,0.185687,3.531086
10.000000,10,1.903437,0.183939,3.534924
10.000000,10,5.705697,0.182208,3.596737
10.000000,10,1.617973,0.180495,3.611407
10.000000,10,1.796684,0.178798,3.636062
10.000000,10,6.866531,0.177119,3.699016
10.000000,10,5.223386,0.175456,3.715948
10.000000,10,1.534934,0.173810,3.710134
10.000000,10,2.563675,0.172180,3.690413
10.000000,10,2.390046,0.170566,3.726503
10.000000,10,2.165916,0.168968,3.784414
10.000000,10,2.975882,0.167387,3.827664
10.000000,10,4.773028,0.165821,3.803277
10.000000,10,3.541576,0.164270,3.795232
10.000000,10,6.486202,0.162735,3.831311
10.000000,10,7.555689,0.161215,3.885585
10.000000,10,4.964998,0.159711,3.928194
10.000000,10,1.116510,0.158221,3.993998
10.000000,10,1.611053,0.156746,4.093644
10.000000,10,5.649512,0.155286,4.166210
10.000000,10,3.311642,0.153840,4.238510
10.000000,10,9.765635,0.152409,4.329830
10.000000,10,5.351049,0.150992,4.384336
10.000000,10,5.068646,0.149589,4.406870
10.000000,10,2.614062,0.148200,4.398112
10.000000,10,2.216503,0.146825,4.454437
10.000000,10,5.236731,0.145464,4.521253
10.000000,10,1.601132,0.144116,4.520688
10.000000,10,6.104415,0.142782,4.530342
10.000000,10,6.150206,0.141460,4.568470
10.000000,10,1.806566,0.140152,4.580121
10.000000,10,2.550144,0.138857,4.608121
10.000000,10,1.596627,0.137575,4.662812
10.000000,10,6.173578,0.136306,4.732853
10.000000,10,1.822746,0.135049,4.766488
10.000000,10,6.220622,0.133805,4.768647
10.000000,10,0.962234,0.132573,4.744914
10.000000,10,1.652451,0.131353,4.761834
10.000000,10,5.350174,0.130146,4.814956
10.000000,10,1.261511,0.128950,4.905059
10.000000,10,3.199575,0.127767,5.023363
10.000000,10,1.539214,0.126595,5.114401
10.000000,10,2.747933,0.125435,5.152919
10.000000,10,7.301759,0.124286,5.233117
10.000000,10,1.792483,0.123149,5.298134
10.000000,10,7.465328,0.122023,5.345632
10.000000,10,1.802649,0.120908,5.368075
10.000000,10,10.149480,0.119805,5.369359
10.000000,10,2.737444,0.118712,5.336557
10.000000,10,3.379680,0.117631,5.356509
10.000000,10,8.003310,0.116560,5.436073
10.000000,10,2.317399,0.115499,5.390371
10.000000,10,1.339816,0.114450,5.393155
10.000000,10,8.084911,0.113410,5.425589
10.000000,10,0.782376,0.112381,5.412426
10.000000,10,1.305184,0.111363,5.448875
10.000000,10,0.929845,0.110354,5.430645
10.000000,10,0.685800,0.109356,5.415646
10.000000,10,3.001974,0.108367,5.436835
10.000000,10,2.279576,0.107388,5.466998
10.000000,10,8.024094,0.106419,5.455983
10.000000,10,2.435151,0.105460,5.477733
10.000000,10,1.708359,0.104510,5.547858
10.000000,10,2.432204,0.103570,5.538584
10.000000,10,13.462937,0.102639,5.546589
10.000000,10,2.715137,0.101717,5.489825
10.000000,10,8.064762,0.100804,5.540321
10.000000,10,2.303848,0.099901,5.593279
10.000000,10,7.594530,0.099006,5.672955
10.000000,10,13.244032,0.098120,5.675550
10.000000,10,1.571193,0.097244,5.662471
10.000000,10,2.049215,0.096376,5.691813
10.000000,10,1.664879,0.095516,5.725267
10.000000,10,13.658158,0.094665,5.766046
10.000000,10,0.938502,0.093823,5.742898
10.000000,10,7.685065,0.092989,5.735686
10.000000,10,13.563362,0.092163,5.702558
10.000000,10,7.048003,0.091345,5.639259
10.000000,10,12.315166,0.090536,5.597067
10.000000,10,1.941972,0.089735,5.516117
10.000000,10,6.189454,0.088941,5.537272
10.000000,10,2.627925,0.088156,5.514629
10.000000,10,1.740854,0.087378,5.444440
10.000000,10,2.663353,0.086608,5.413347
10.000000,10,3.133398,0.085846,5.431992
10.000000,10,1.370606,0.085091,5.434012
10.000000,10,0.819086,0.084344,5.488704
10.000000,10,0.765687,0.083604,5.565598
10.000000,10,1.945140,0.082872,5.605831
10.000000,10,1.659726,0.082147,5.631115
10.000000,10,1.444013,0.081429,5.626729
10.000000,10,1.468478,0.080718,5.653196
10.000000,10,1.172246,0.080015,5.692795
10.000000,10,0.955572,0.079318,5.737164
10.000000,10,0.956926,0.078628,5.794947
10.000000,10,16.276598,0.077945,5.794154
10.000000,10,1.167858,0.077269,5.745527
10.000000,10,1.249294,0.076600,5.727994
10.000000,10,1.550555,0.075937,5.721634
10.000000,10,1.677519,0.075281,5.721982
10.000000,10,14.723230,0.074632,5.717793
10.000000,10,2.885786,0.073989,5.716314
10.000000,10,8.038012,0.073352,5.692404
10.000000,10,1.671184,0.072722,5.638853
10.000000,10,7.863148,0.072097,5.670744
10.000000,10,1.635317,0.071480,5.662732
10.000000,10,2.734707,0.070868,5.664875
10.000000,10,1.586457,0.070262,5.660586
10.000000,10,1.500059,0.069663,5.719895
10.000000,10,0.872507,0.069069,5.743564
10.000000,10,14.156445,0.068481,5.741056
10.000000,10,3.810548,0.067899,5.693727
10.000000,10,7.976334,0.067323,5.700629
10.000000,10,0.591863,0.066753,5.739048
10.000000,10,8.267823,0.066188,5.737104
10.000000,10,0.691859,0.065629,5.676016
10.000000,10,14.855342,0.065075,5.641453
10.000000,10,1.050300,0.064527,5.592781
10.000000,10,1.477998,0.063985,5.595016
10.000000,10,7.918972,0.063448,5.563359
10.000000,10,1.026153,0.062916,5.546437
10.000000,10,8.074421,0.062389,5.551602
10.000000,10,1.175962,0.061868,5.514187
10.000000,10,7.937877,0.061352,5.459188
10.000000,10,1.167090,0.060841,5.383929
10.000000,10,1.658033,0.060335,5.366597
10.000000,10,1.003313,0.059834,5.371371
10.000000,10,1.293701,0.059339,5.367903
10.000000,10,1.834261,0.058848,5.420486
10.000000,10,8.039689,0.058362,5.442725
10.000000,10,1.721858,0.057880,5.426613
10.000000,10,9.057496,0.057404,5.439220
10.000000,10,0.822071,0.056932,5.478312
10.000000,10,2.055332,0.056465,5.506478
10.000000,10,8.502027,0.056003,5.535176
10.000000,10,1.365473,0.055545,5.534550
10.000000,10,8.059926,0.055092,5.541472
10.000000,10,7.814308,0.054643,5.531234
10.000000,10,1.594517,0.054199,5.512664
10.000000,10,8.239893,0.053759,5.553020
10.000000,10,8.062635,0.053324,5.592141
10.000000,10,0.765957,0.052893,5.604822
10.000000,10,8.704890,0.052466,5.568306
10.000000,10,1.162417,0.052044,5.568254
10.000000,10,0.836621,0.051625,5.595127
10.000000,10,1.314652,0.051211,5.633012
10.000000,10,0.608118,0.050801,5.588195
10.000000,10,0.642266,0.050395,5.558825
10.000000,10,1.788896,0.049993,5.481868
10.000000,10,0.903835,0.049595,5.455125
10.000000,10,1.541903,0.049201,5.482863
10.000000,10,0.551331,0.048811,5.522660
10.000000,10,0.703186,0.048425,5.481955
10.000000,10,7.136071,0.048043,5.387131
10.000000,10,13.936116,0.047664,5.339596
10.000000,10,2.030256,0.047289,5.335819
10.000000,10,1.787207,0.046918,5.318191
10.000000,10,6.946786,0.046551,5.307459
10.000000,10,2.464031,0.046187,5.292508
10.000000,10,1.834565,0.045827,5.272983
10.000000,10,1.844962,0.045471,5.267975
10.000000,10,2.296399,0.045118,5.295363
10.000000,10,8.972820,0.044768,5.364058
10.000000,10,0.628061,0.044422,5.386644
10.000000,10,0.711312,0.044080,5.379569
10.000000,10,0.216997,0.043741,5.417665
10.000000,10,9.158071,0.043405,5.434359
10.000000,10,0.353859,0.043073,5.398446
10.000000,10,0.736285,0.042744,5.358443
10.000000,10,0.888182,0.042418,5.296612
10.000000,10,1.121078,0.042095,5.292959
10.000000,10,11.481184,0.041776,5.286137
10.000000,10,1.116106,0.041460,5.234754
10.000000,10,7.552446,0.041147,5.228557
10.000000,10,0.731391,0.040837,5.222513
10.000000,10,7.639498,0.040530,5.251868
10.000000,10,2.116738,0.040226,5.288344
10.000000,10,0.380255,0.039925,5.303699
10.000000,10,4.565043,0.039628,5.317719
10.000000,10,0.375349,0.039333,5.395716
10.000000,10,0.841747,0.039041,5.419063
10.000000,10,3.848039,0.038752,5.452945
10.000000,10,5.462577,0.038466,5.503688
10.000000,10,0.266871,0.038183,5.603567
10.000000,10,0.240572,0.037902,5.630538
10.000000,10,7.873322,0.037625,5.563764
10.000000,10,1.701777,0.037350,5.469642
10.000000,10,6.279695,0.037078,5.486720
10.000000,10,8.041755,0.036808,5.439057
10.000000,10,7.338181,0.036541,5.375088
10.000000,10,9.741686,0.036277,5.355680
10.000000,10,2.881121,0.036016,5.365073
10.000000,10,5.804272,0.035757,5.381168
10.000000,10,7.400057,0.035501,5.428751
10.000000,10,0.332727,0.035247,5.477022
10.000000,10,0.421280,0.034996,5.451617
10.000000,10,6.248859,0.034747,5.463987
10.000000,10,0.547319,0.034501,5.476114
10.000000,10,0.503855,0.034257,5.484600
10.000000,10,8.903600,0.034016,5.497525
10.000000,10,5.910052,0.033777,5.506034
10.000000,10,1.402382,0.033540,5.475253
10.000000,10,0.572426,0.033306,5.461075
10.000000,10,0.369493,0.033074,5.411366
10.000000,10,0.587272,0.032844,5.365055
10.000000,10,0.256425,0.032617,5.339070
10.000000,10,1.358738,0.032392,5.291802
10.000000,10,1.645035,0.032169,5.261569
10.000000,10,0.846359,0.031949,5.155601
10.000000,10,0.903376,0.031730,5.036850
10.000000,10,1.015796,0.031514,4.972539
10.000000,10,11.888355,0.031300,4.947672
10.000000,10,0.502085,0.031088,4.973921
10.000000,10,0.520705,0.030878,4.979487
10.000000,10,2.326588,0.030670,4.908655
10.000000,10,0.779708,0.030465,4.883068
10.000000,10,10.629246,0.030261,4.930452
10.000000,10,6.018557,0.030060,4.957856
10.000000,10,2.136313,0.029860,4.962123
10.000000,10,1.417092,0.029662,5.003599
10.000000,10,0.504734,0.029467,5.000699
10.000000,10,0.690268,0.029273,4.974977
10.000000,10,8.289987,0.029081,5.021798
10.000000,10,1.103553,0.028891,5.046648
10.000000,10,0.017496,0.028703,5.112026
10.000000,10,0.680348,0.028517,5.183969
10.000000,10,5.009765,0.028333,5.214815
10.000000,10,11.187596,0.028151,5.192517
10.000000,10,5.505388,0.027970,5.169807
10.000000,10,3.846092,0.027791,5.162601
10.000000,10,4.701892,0.027614,5.188866
10.000000,10,2.015478,0.027439,5.233028
10.000000,10,1.231265,0.027265,5.359007
10.000000,10,6.902254,0.027094,5.432113
10.000000,10,0.267134,0.026924,5.348277
10.000000,10,0.318536,0.026755,5.299720
10.000000,10,5.470382,0.026588,5.284059
10.000000,10,0.389064,0.026423,5.303854
10.000000,10,1.737998,0.026260,5.301136
10.000000,10,5.507488,0.026098,5.302302
10.000000,10,1.627472,0.025938,5.295653
10.000000,10,0.679869,0.025779,5.301721
10.000000,10,0.557971,0.025622,5.315453
10.000000,10,0.196772,0.025467,5.327929
10.000000,10,0.646078,0.025313,5.318437
10.000000,10,5.278934,0.025161,5.284738
10.000000,10,6.625582,0.025010,5.226628
10.000000,10,1.823043,0.024860,5.227221
10.000000,10,0.071291,0.024713,5.264771
10.000000,10,2.868505,0.024566,5.272738
10.000000,10,0.204501,0.024421,5.288319
10.000000,10,0.208263,0.024278,5.260009
10.000000,10,0.063212,0.024136,5.266165
10.000000,10,1.436916,0.023995,5.314482
10.000000,10,1.155590,0.023856,5.387848
10.000000,10,5.280345,0.023718,5.444514
10.000000,10,6.419098,0.023581,5.366694
10.000000,10,0.370318,0.023446,5.299932
10.000000,10,6.426807,0.023313,5.258122
10.000000,10,4.786749,0.023180,5.207154
10.000000,10,9.978473,0.023049,5.211998
10.000000,10,0.184434,0.022919,5.315369
10.000000,10,6.617995,0.022791,5.270086
10.000000,10,0.066343,0.022663,5.258975
10.000000,10,13.102347,0.022537,5.182153
10.000000,10,1.402120,0.022413,5.133367
10.000000,10,1.617620,0.022289,5.042238
10.000000,10,1.696231,0.022167,5.003109
10.000000,10,0.617631,0.022046,4.980203
10.000000,10,5.732011,0.021926,5.003630
10.000000,10,4.900534,0.021807,4.945053
10.000000,10,2.984754,0.021690,4.872811
10.000000,10,1.051259,0.021573,4.758174
10.000000,10,0.092556,0.021458,4.731689
10.000000,10,4.851170,0.021344,4.709666
10.000000,10,4.936306,0.021231,4.647750
10.000000,10,2.322063,0.021120,4.605628
10.000000,10,6.973536,0.021009,4.592609
10.000000,10,13.963169,0.020899,4.585562
10.000000,10,0.613034,0.020791,4.509089
10.000000,10,0.079904,0.020684,4.523288
10.000000,10,0.040767,0.020577,4.578856
10.000000,10,4.593510,0.020472,4.553285
10.000000,10,3.786346,0.020368,4.462083
10.000000,10,0.554516,0.020265,4.440032
10.000000,10,2.140768,0.020163,4.454895
10.000000,10,0.086259,0.020061,4.466880
10.000000,10,0.064370,0.019961,4.364874
10.000000,10,3.734026,0.019862,4.291108
10.000000,10,4.901255,0.019764,4.248169
10.000000,10,2.421980,0.019667,4.268701
10.000000,10,1.171537,0.019571,4.306305
10.000000,10,0.037349,0.019475,4.246066
10.000000,10,0.086729,0.019381,4.238207
10.000000,10,6.738836,0.019288,4.272805
10.000000,10,3.683848,0.019195,4.256083
10.000000,10,1.333454,0.019104,4.238410
10.000000,10,3.164524,0.019013,4.206187
10.000000,10,1.207398,0.018924,4.189054
10.000000,10,0.505735,0.018835,4.169780
10.000000,10,4.234932,0.018747,4.184645
10.000000,10,0.426563,0.018660,4.132002
10.000000,10,0.815245,0.018574,4.091846
10.000000,10,0.385072,0.018488,4.099928
10.000000,10,0.036993,0.018404,4.068209
10.000000,10,1.891988,0.018320,4.003788
10.000000,10,1.127243,0.018238,3.992613
10.000000,10,2.632887,0.018156,3.950387
10.000000,10,0.059821,0.018074,3.924379
10.000000,10,2.354800,0.017994,3.886343
10.000000,10,0.062198,0.017915,3.882946
10.000000,10,0.864017,0.017836,3.927742
10.000000,10,1.113245,0.017758,3.923575
10.000000,10,1.556729,0.017681,3.917611
10.000000,10,0.040860,0.017604,3.887891
10.000000,10,2.603644,0.017529,3.861112
10.000000,10,4.232561,0.017454,3.790724
10.000000,10,0.041920,0.017379,3.749741
10.000000,10,2.118719,0.017306,3.761773
10.000000,10,2.415712,0.017233,3.693668
10.000000,10,3.989073,0.017161,3.682371
10.000000,10,0.409370,0.017090,3.642644
10.000000,10,2.366798,0.017020,3.614849
10.000000,10,0.003046,0.016950,3.539008
10.000000,10,2.075452,0.016881,3.496624
10.000000,10,0.405602,0.016812,3.473553
10.000000,10,1.656211,0.016744,3.440536
10.000000,10,1.241864,0.016677,3.430539
10.000000,10,0.005685,0.016611,3.391709
10.000000,10,0.496769,0.016545,3.316467
10.000000,10,0.034738,0.016480,3.337670
10.000000,10,1.539903,0.016415,3.299415
10.000000,10,1.422645,0.016352,3.297868
10.000000,10,0.394041,0.016288,3.261334
10.000000,10,0.361954,0.016226,3.254624
10.000000,10,3.285856,0.016164,3.243629
10.000000,10,2.068708,0.016103,3.271134
10.000000,10,0.062967,0.016042,3.276250
10.000000,10,2.345179,0.015982,3.263596
10.000000,10,0.037609,0.015922,3.230397
10.000000,10,0.910824,0.015863,3.236656
10.000000,10,0.001275,0.015805,3.230664
10.000000,10,0.008376,0.015747,3.173305
10.000000,10,0.008422,0.015690,3.151542
10.000000,10,0.009386,0.015633,3.144230
10.000000,10,0.018015,0.015577,3.134624
10.000000,10,0.000119,0.015522,3.123290
10.000000,10,4.839315,0.015467,3.095121
10.000000,10,2.118979,0.015412,3.042462
10.000000,10,0.001124,0.015359,3.023574
10.000000,10,0.607231,0.015305,3.038634
10.000000,10,1.896044,0.015253,3.029640
10.000000,10,0.865775,0.015200,3.016327
10.000000,10,2.411684,0.015148,3.011672
10.000000,10,2.761563,0.015097,2.995665
10.000000,10,0.410369,0.015047,2.927663
10.000000,10,0.024279,0.014996,2.925162
10.000000,10,4.202273,0.014947,2.946417
10.000000,10,1.490055,0.014897,2.937415
10.000000,10,1.741594,0.014849,2.944895
10.000000,10,0.005395,0.014800,2.936329
10.000000,10,6.605784,0.014753,2.829052
10.000000,10,5.858490,0.014705,2.795828
10.000000,10,1.558695,0.014659,2.785966
10.000000,10,1.040678,0.014612,2.817986
10.000000,10,0.513296,0.014566,2.808628
10.000000,10,0.861664,0.014521,2.788962
10.000000,10,1.508252,0.014476,2.821377
10.000000,10,1.605971,0.014431,2.841038
10.000000,10,0.450494,0.014387,2.813840
10.000000,10,0.008486,0.014344,2.789775
10.000000,10,1.415675,0.014300,2.729933
10.000000,10,0.001493,0.014258,2.630167
10.000000,10,0.684840,0.014215,2.575591
10.000000,10,0.430521,0.014173,2.601196
10.000000,10,1.360621,0.014132,2.638228
10.000000,10,1.245552,0.014091,2.624867
10.000000,10,0.370331,0.014050,2.572089
10.000000,10,0.384030,0.014010,2.506641
10.000000,10,0.011043,0.013970,2.437810
10.000000,10,0.015755,0.013930,2.378717
10.000000,10,0.670695,0.013891,2.352538
10.000000,10,0.834792,0.013852,2.359823
10.000000,10,0.859659,0.013814,2.345716
10.000000,10,0.471692,0.013776,2.334337
10.000000,10,0.797741,0.013739,2.375697
10.000000,10,0.393498,0.013701,2.397739
10.000000,10,0.683717,0.013665,2.402447
10.000000,10,8.944738,0.013628,2.391962
10.000000,10,7.675394,0.013592,2.371742
10.000000,10,0.458579,0.013556,2.358840
10.000000,10,0.008785,0.013521,2.390179
10.000000,10,0.415840,0.013486,2.451629
10.000000,10,0.425621,0.013451,2.470281
10.000000,10,0.021945,0.013417,2.469913
10.000000,10,0.279243,0.013383,2.484359
10.000000,10,0.604329,0.013349,2.495336
10.000000,10,0.831676,0.013316,2.455917
10.000000,10,4.299015,0.013283,2.400375
10.000000,10,0.480541,0.013250,2.347318
10.000000,10,6.782170,0.013218,2.294240
10.000000,10,0.004223,0.013186,2.215884
10.000000,10,1.000769,0.013154,2.147969
10.000000,10,0.460269,0.013123,2.142689
10.000000,10,1.250881,0.013092,2.148432
10.000000,10,0.778876,0.013061,2.151519
10.000000,10,0.241474,0.013030,2.112225
10.000000,10,0.024426,0.013000,2.100245
10.000000,10,0.908589,0.012970,2.097279
10.000000,10,0.847140,0.012941,2.064566
10.000000,10,0.457538,0.012912,1.999465
10.000000,10,0.703701,0.012883,1.959266
10.000000,10,0.396778,0.012854,1.966694
10.000000,10,0.628469,0.012826,1.980975
10.000000,10,0.243749,0.012797,2.003155
10.000000,10,0.239271,0.012770,2.019160
10.000000,10,0.644905,0.012742,2.023478
10.000000,10,0.023898,0.012715,2.016876
10.000000,10,0.860739,0.012688,2.009856
10.000000,10,0.377971,0.012661,2.010010
10.000000,10,0.246888,0.012635,1.976172
10.000000,10,0.473565,0.012608,1.941380
10.000000,10,0.121566,0.012582,1.886290
10.000000,10,0.785130,0.012557,1.825837
10.000000,10,0.060592,0.012531,1.778161
10.000000,10,0.033193,0.012506,1.759524
10.000000,10,0.393487,0.012481,1.774056
10.000000,10,0.210264,0.012456,1.760665
10.000000,10,0.279790,0.012432,1.718836
10.000000,10,0.159229,0.012408,1.658422
10.000000,10,0.482796,0.012384,1.629004
10.000000,10,0.710631,0.012360,1.603553
10.000000,10,3.955840,0.012337,1.573430
10.000000,10,0.042335,0.012313,1.604802
10.000000,10,0.279011,0.012290,1.632504
10.000000,10,0.367294,0.012268,1.643989
10.000000,10,0.453577,0.012245,1.629507
10.000000,10,0.020303,0.012223,1.577272
10.000000,10,0.868780,0.012201,1.486045
10.000000,10,0.163845,0.012179,1.429325
10.000000,10,0.100299,0.012157,1.422861
10.000000,10,0.101601,0.012136,1.420682
10.000000,10,0.114131,0.012114,1.390534
10.000000,10,0.073732,0.012093,1.335707
10.000000,10,0.075782,0.012072,1.278242
10.000000,10,0.197012,0.012052,1.236080
10.000000,10,0.062310,0.012031,1.234119
10.000000,10,0.416327,0.012011,1.232019
10.000000,10,0.114814,0.011991,1.215879
10.000000,10,0.098271,0.011971,1.161065
10.000000,10,0.045811,0.011952,1.109902
10.000000,10,0.043419,0.011932,1.078116
10.000000,10,0.567429,0.011913,1.058641
10.000000,10,0.173834,0.011894,1.039002
10.000000,10,0.195572,0.011875,1.006952
10.000000,10,0.054133,0.011857,1.002836
10.000000,10,0.548208,0.011838,1.004607
10.000000,10,0.149890,0.011820,1.050520
10.000000,10,0.133529,0.011802,1.040144
10.000000,10,0.106972,0.011784,0.982496
10.000000,10,0.051696,0.011766,0.932198
10.000000,10,0.026194,0.011748,0.898320
10.000000,10,0.518916,0.011731,0.878441
10.000000,10,0.392312,0.011714,0.893652
10.000000,10,0.045696,0.011697,0.918340
10.000000,10,0.107170,0.011680,0.927796
10.000000,10,0.061631,0.011663,0.923591
10.000000,10,0.407068,0.011647,0.904551
10.000000,10,0.069049,0.011630,0.860808
10.000000,10,0.088712,0.011614,0.830466
10.000000,10,0.061357,0.011598,0.795894
10.000000,10,0.040832,0.011582,0.765965
10.000000,10,0.054758,0.011566,0.754668
10.000000,10,0.384141,0.011551,0.741426
10.000000,10,0.140881,0.011535,0.730374
10.000000,10,0.102363,0.011520,0.727785
10.000000,10,0.094082,0.011505,0.749782
10.000000,10,0.045725,0.011490,0.758906
10.000000,10,0.128663,0.011475,0.742639
10.000000,10,0.113174,0.011460,0.698444
10.000000,10,0.070047,0.011446,0.669671
10.000000,10,0.119402,0.011431,0.665957
10.000000,10,0.110536,0.011417,0.690360
10.000000,10,0.068185,0.011403,0.708365
10.000000,10,0.395220,0.011389,0.713557
10.000000,10,0.329520,0.011375,0.698142
10.000000,10,0.135068,0.011362,0.675766
10.000000,10,0.064371,0.011348,0.680520
10.000000,10,0.156548,0.011335,0.663457
10.000000,10,0.333457,0.011321,0.642516
10.000000,10,0.109123,0.011308,0.619354
10.000000,10,0.612755,0.011295,0.580383
10.000000,10,0.274586,0.011282,0.566465
10.000000,10,0.047523,0.011270,0.568123
10.000000,10,0.073734,0.011257,0.589064
10.000000,10,0.592901,0.011244,0.601111
10.000000,10,0.081056,0.011232,0.628193
10.000000,10,0.175598,0.011220,0.632946
10.000000,10,0.147328,0.011208,0.639697
10.000000,10,0.246680,0.011196,0.617076
10.000000,10,0.391766,0.011184,0.572225
10.000000,10,0.278640,0.011172,0.567981
10.000000,10,0.094924,0.011160,0.558100
10.000000,10,6.662169,0.011149,0.547324
10.000000,10,0.229692,0.011137,0.647377
10.000000,10,0.257395,0.011126,0.714458
10.000000,10,0.299664,0.011115,0.759864
10.000000,10,0.287070,0.011104,0.792742
10.000000,10,0.147116,0.011093,0.785937
10.000000,10,0.266708,0.011082,0.768940
10.000000,10,0.230055,0.011071,0.742098
10.000000,10,0.269284,0.011060,0.710668
10.000000,10,0.390518,0.011050,0.742065
10.000000,10,0.054766,0.011039,0.786095
10.000000,10,0.096392,0.011029,0.807527
10.000000,10,0.061819,0.011019,0.791888
10.000000,10,0.080335,0.011009,0.774340
10.000000,10,0.291398,0.010999,0.784025
10.000000,10,0.336598,0.010989,0.762657
10.000000,10,0.227907,0.010979,0.766136
10.000000,10,0.384626,0.010969,0.745766
10.000000,10,0.191225,0.010960,0.727051
10.000000,10,0.267334,0.010950,0.746186
10.000000,10,0.067090,0.010941,0.754818
10.000000,10,0.130910,0.010931,0.729002
10.000000,10,0.123315,0.010922,0.758422
10.000000,10,0.193771,0.010913,0.763986
10.000000,10,0.078380,0.010904,0.756524
10.000000,10,0.215150,0.010895,0.722652
10.000000,10,0.391356,0.010886,0.717346
10.000000,10,0.268199,0.010877,0.708103
10.000000,10,0.159669,0.010868,0.694545
10.000000,10,0.259847,0.010860,0.717674
10.000000,10,0.372401,0.010851,0.728042
10.000000,10,0.333120,0.010843,0.720741
10.000000,10,0.346660,0.010834,0.685058
10.000000,10,0.191242,0.010826,0.635464
10.000000,10,0.385559,0.010818,0.619851
10.000000,10,0.231288,0.010810,0.598252
10.000000,10,0.315660,0.010801,0.602065
10.000000,10,0.234290,0.010794,0.593837
10.000000,10,0.212333,0.010786,0.605888
10.000000,10,0.297365,0.010778,0.627165
10.000000,10,0.303692,0.010770,0.593624
10.000000,10,0.431581,0.010762,0.564114
10.000000,10,0.239495,0.010755,0.516003
10.000000,10,0.303215,0.010747,0.496200
10.000000,10,0.228361,0.010740,0.495263
10.000000,10,0.324096,0.010732,0.461357
10.000000,10,0.301129,0.010725,0.430367
10.000000,10,0.197504,0.010718,0.427989
10.000000,10,0.204354,0.010711,0.394975
10.000000,10,0.141314,0.010704,0.421384
10.000000,10,0.148217,0.010697,0.493551
10.000000,10,0.214092,0.010690,0.511260
10.000000,10,0.239653,0.010683,0.521082
10.000000,10,0.039432,0.010676,0.534582
10.000000,10,0.372692,0.010669,0.513501
10.000000,10,0.192427,0.010663,0.476472
10.000000,10,0.428509,0.010656,0.507081
10.000000,10,0.588793,0.010650,0.541681
10.000000,10,0.191104,0.010643,0.563047
10.000000,10,0.764636,0.010637,0.622107
10.000000,10,0.425948,0.010630,0.600476
10.000000,10,0.489710,0.010624,0.614361
10.000000,10,0.394319,0.010618,0.639538
10.000000,10,0.274282,0.010612,0.714669
10.000000,10,0.375290,0.010606,0.734474
10.000000,10,0.222982,0.010600,0.716005
10.000000,10,0.217185,0.010594,0.747833
10.000000,10,0.506250,0.010588,0.737781
10.000000,10,0.473306,0.010582,0.667771
10.000000,10,0.095491,0.010576,0.661836
10.000000,10,0.502753,0.010570,0.694407
10.000000,10,0.058436,0.010565,0.681816
10.000000,10,0.073664,0.010559,0.659113
10.000000,10,0.045533,0.010554,0.627911
10.000000,10,0.278031,0.010548,0.606602
10.000000,10,0.759034,0.010543,0.669745
10.000000,10,0.246437,0.010537,0.646861
10.000000,10,0.238335,0.010532,0.571415
10.000000,10,0.218731,0.010527,0.530539
10.000000,10,0.639270,0.010521,0.510901
10.000000,10,0.120989,0.010516,0.393931
10.000000,10,1.008846,0.010511,0.398865
10.000000,10,0.120907,0.010506,0.420322
10.000000,10,0.042184,0.010501,0.422117
10.000000,10,0.059446,0.010496,0.398072
10.000000,10,0.078229,0.010491,0.388577
10.000000,10,0.152045,0.010486,0.427152
10.000000,10,0.136213,0.010481,0.453578
10.000000,10,0.082279,0.010476,0.413884
10.000000,10,0.742619,0.010472,0.334307
10.000000,10,0.311206,0.010467,0.205305
10.000000,10,0.546195,0.010462,0.150235
10.000000,10,0.095521,0.010458,0.166820
10.000000,10,0.582340,0.010453,0.154939
10.000000,10,0.206928,0.010449,0.166410
10.000000,10,0.329873,0.010444,0.206477
10.000000,10,0.271645,0.010440,0.215779
10.000000,10,0.566757,0.010435,0.167268
10.000000,10,0.748511,0.010431,0.110893
10.000000,10,0.340864,0.010427,0.062724
10.000000,10,0.621225,0.010423,0.067904
10.000000,10,1.100401,0.010418,0.018153
10.000000,10,0.315957,0.010414,-0.102239
10.000000,10,1.046156,0.010410,-0.113412
10.000000,10,0.166311,0.010406,-0.135878
10.000000,10,0.088560,0.010402,-0.158374
10.000000,10,0.891920,0.010398,-0.153742
10.000000,10,0.439846,0.010394,-0.183771
10.000000,10,0.069385,0.010390,-0.169239
10.000000,10,0.218383,0.010386,-0.204711
10.000000,10,0.804189,0.010382,-0.239342
10.000000,10,0.037799,0.010379,-0.249200
10.000000,10,0.460216,0.010375,-0.242638
10.000000,10,0.069345,0.010371,-0.258102
10.000000,10,0.710003,0.010367,-0.226687
10.000000,10,0.295318,0.010364,-0.223304
10.000000,10,0.026513,0.010360,-0.183685
10.000000,10,0.096291,0.010357,-0.182032
10.000000,10,0.071376,0.010353,-0.220831
10.000000,10,0.394769,0.010349,-0.274687
10.000000,10,0.062562,0.010346,-0.165589
10.000000,10,0.452027,0.010343,-0.101564
10.000000,10,0.132901,0.010339,-0.140660
10.000000,10,0.404775,0.010336,-0.175961
10.000000,10,0.049190,0.010332,-0.242712
10.000000,10,0.183565,0.010329,-0.219644
10.000000,10,0.417546,0.010326,-0.150955
10.000000,10,0.141689,0.010323,-0.192404
10.000000,10,0.018080,0.010319,-0.207367
10.000000,10,0.020281,0.010316,-0.227935
10.000000,10,0.140770,0.010313,-0.234977
10.000000,10,0.019787,0.010310,-0.235644
10.000000,10,0.056542,0.010307,-0.284851
10.000000,10,6.442571,0.010304,-0.263187
10.000000,10,0.320577,0.010301,-0.147690
10.000000,10,1.054571,0.010298,-0.043252
10.000000,10,5.844417,0.010295,0.032275
10.000000,10,0.398283,0.010292,0.046047
10.000000,10,0.104057,0.010289,-0.027612
10.000000,10,0.358764,0.010286,-0.102548
10.000000,10,0.004637,0.010283,-0.155633
10.000000,10,0.108601,0.010280,-0.177799
10.000000,10,0.012521,0.010278,-0.191076
10.000000,10,0.130463,0.010275,-0.241909
10.000000,10,0.314141,0.010272,-0.231644
10.000000,10,0.160665,0.010269,-0.261150
10.000000,10,0.029051,0.010267,-0.257017
10.000000,10,0.020803,0.010264,-0.265709
10.000000,10,0.306741,0.010262,-0.262915
10.000000,10,0.957893,0.010259,-0.240463
10.000000,10,0.341376,0.010256,-0.219676
10.000000,10,0.332423,0.010254,-0.207341
10.000000,10,0.017795,0.010251,-0.207732
10.000000,10,0.071900,0.010249,-0.143478
10.000000,10,0.070233,0.010246,-0.131124
10.000000,10,0.043995,0.010244,-0.182893
10.000000,10,0.047436,0.010241,-0.187712
10.000000,10,0.331139,0.010239,-0.168458
10.000000,10,0.004337,0.010237,-0.143112
10.000000,10,0.356710,0.010234,-0.128625
10.000000,10,0.049596,0.010232,-0.075490
10.000000,10,0.049833,0.010230,-0.066094
10.000000,10,0.400612,0.010227,-0.082841
10.000000,10,0.268408,0.010225,-0.196535
10.000000,10,0.234289,0.010223,-0.275818
10.000000,10,0.179496,0.010221,-0.315884
10.000000,10,0.180531,0.010218,-0.304097
10.000000,10,0.288042,0.010216,-0.302665
10.000000,10,0.178400,0.010214,-0.281181
10.000000,10,0.018414,0.010212,-0.219055
10.000000,10,0.059374,0.010210,-0.246830
10.000000,10,0.309602,0.010208,-0.311690
10.000000,10,0.230867,0.010206,-0.372974
10.000000,10,0.110309,0.010204,-0.340092
10.000000,10,0.134035,0.010202,-0.339140
10.000000,10,0.015780,0.010200,-0.330022
10.000000,10,2.191593,0.010198,-0.323134
10.000000,10,0.062087,0.010196,-0.271466
10.000000,10,0.007797,0.010194,-0.266457
10.000000,10,0.071314,0.010192,-0.293332
10.000000,10,0.004025,0.010190,-0.277980
10.000000,10,0.336777,0.010188,-0.272184
10.000000,10,0.010604,0.010186,-0.328087
10.000000,10,0.012027,0.010184,-0.340953
10.000000,10,0.185499,0.010182,-0.349936
10.000000,10,0.074406,0.010181,-0.381780
10.000000,10,0.015580,0.010179,-0.399546
10.000000,10,0.077642,0.010177,-0.392769
10.000000,10,0.082021,0.010175,-0.401720
10.000000,10,0.118772,0.010174,-0.411300
10.000000,10,0.005862,0.010172,-0.382737
10.000000,10,0.078045,0.010170,-0.392437
10.000000,10,0.008202,0.010168,-0.422512
10.000000,10,4.961725,0.010167,-0.358545
10.000000,10,0.073198,0.010165,-0.254277
10.000000,10,0.024789,0.010163,-0.137770
10.000000,10,0.259460,0.010162,-0.097424
10.000000,10,0.017207,0.010160,-0.134776
10.000000,10,0.021821,0.010159,-0.218495
10.000000,10,0.135928,0.010157,-0.251257
10.000000,10,0.018705,0.010155,-0.264615
10.000000,10,0.028848,0.010154,-0.309644
10.000000,10,0.162717,0.010152,-0.340030
10.000000,10,0.150185,0.010151,-0.343674
10.000000,10,0.088330,0.010149,-0.334522
10.000000,10,0.090678,0.010148,-0.373701
10.000000,10,0.010112,0.010146,-0.390438
10.000000,10,0.038389,0.010145,-0.358382
10.000000,10,0.005986,0.010144,-0.340318
10.000000,10,0.012101,0.010142,-0.374215
10.000000,10,0.066004,0.010141,-0.385020
10.000000,10,0.007646,0.010139,-0.372268
10.000000,10,0.067380,0.010138,-0.374138
10.000000,10,0.044085,0.010137,-0.399111
10.000000,10,0.092230,0.010135,-0.387675
10.000000,10,0.035787,0.010134,-0.381220
10.000000,10,0.035889,0.010132,-0.382720
10.000000,10,0.001412,0.010131,-0.380473
10.000000,10,0.051129,0.010130,-0.394442
10.000000,10,0.004473,0.010129,-0.420699
10.000000,10,0.043519,0.010127,-0.422747
10.000000,10,0.037489,0.010126,-0.435718
10.000000,10,0.040609,0.010125,-0.461138
10.000000,10,0.032003,0.010124,-0.440901
10.000000,10,0.032505,0.010122,-0.439777
10.000000,10,0.022348,0.010121,-0.406798
10.000000,10,1.467860,0.010120,-0.400212
10.000000,10,1.309230,0.010119,-0.359074
10.000000,10,0.042277,0.010118,-0.323562
10.000000,10,0.105210,0.010116,-0.337851
10.000000,10,0.018171,0.010115,-0.377447
10.000000,10,0.004579,0.010114,-0.403275
10.000000,10,0.081767,0.010113,-0.429545
10.000000,10,0.005006,0.010112,-0.463317
10.000000,10,0.022092,0.010111,-0.485386
10.000000,10,0.000184,0.010110,-0.505252
10.000000,10,0.021768,0.010108,-0.506141
10.000000,10,0.024700,0.010107,-0.497876
10.000000,10,0.002572,0.010106,-0.461912
10.000000,10,0.002209,0.010105,-0.422782
10.000000,10,0.043317,0.010104,-0.405491
10.000000,10,0.014717,0.010103,-0.400716
10.000000,10,0.015735,0.010102,-0.423594
10.000000,10,0.033270,0.010101,-0.446184
10.000000,10,0.033250,0.010100,-0.436559
10.000000,10,0.002526,0.010099,-0.436180
10.000000,10,0.007860,0.010098,-0.445780
10.000000,10,0.001191,0.010097,-0.466773
10.000000,10,0.008625,0.010096,-0.476682
10.000000,10,0.001865,0.010095,-0.505534
10.000000,10,0.001555,0.010094,-0.505592
10.000000,10,0.001752,0.010093,-0.495778
10.000000,10,0.035281,0.010092,-0.501907
10.000000,10,0.012551,0.010092,-0.512975
10.000000,10,0.001263,0.010091,-0.506876
10.000000,10,0.001127,0.010090,-0.513407
10.000000,10,0.020220,0.010089,-0.519399
10.000000,10,0.002652,0.010088,-0.541745
10.000000,10,0.015214,0.010087,-0.543980
10.000000,10,0.014251,0.010086,-0.541875
10.000000,10,0.000771,0.010085,-0.453875
10.000000,10,0.045422,0.010084,-0.388988
10.000000,10,0.021672,0.010084,-0.372414
10.000000,10,0.016572,0.010083,-0.381024
10.000000,10,0.016315,0.010082,-0.381261
10.000000,10,0.016017,0.010081,-0.379926
10.000000,10,0.001159,0.010080,-0.407690
10.000000,10,0.001216,0.010080,-0.413098
10.000000,10,0.000944,0.010079,-0.394314
10.000000,10,0.021515,0.010078,-0.342108
10.000000,10,0.035166,0.010077,-0.347622
10.000000,10,0.005827,0.010076,-0.382379
10.000000,10,0.019763,0.010076,-0.443192
10.000000,10,0.006842,0.010075,-0.454553
10.000000,10,0.017903,0.010074,-0.440220
10.000000,10,0.001299,0.010073,-0.439662
10.000000,10,0.014970,0.010073,-0.460878
10.000000,10,0.013940,0.010072,-0.472808
10.000000,10,0.012842,0.010071,-0.484992
10.000000,10,0.009803,0.010071,-0.463243
10.000000,10,0.006344,0.010070,-0.381555
10.000000,10,0.001587,0.010069,-0.306733
10.000000,10,0.009942,0.010068,-0.274839
10.000000,10,0.153928,0.010068,-0.273972
10.000000,10,0.103933,0.010067,-0.318670
10.000000,10,0.004977,0.010066,-0.335627
10.000000,10,0.051851,0.010066,-0.361681
10.000000,10,0.035792,0.010065,-0.356654
10.000000,10,0.016962,0.010064,-0.349407
10.000000,10,0.042942,0.010064,-0.382170
10.000000,10,0.005380,0.010063,-0.393367
10.000000,10,0.030355,0.010063,-0.395596
10.000000,10,0.074213,0.010062,-0.415914
10.000000,10,0.017921,0.010061,-0.448548
10.000000,10,0.000707,0.010061,-0.450691
10.000000,10,0.002401,0.010060,-0.476964
10.000000,10,0.002216,0.010060,-0.486887
10.000000,10,0.002122,0.010059,-0.481797
10.000000,10,0.010325,0.010058,-0.474038
10.000000,10,0.006291,0.010058,-0.483676
10.000000,10,0.003597,0.010057,-0.471516
10.000000,10,0.002754,0.010057,-0.466278
10.000000,10,0.000949,0.010056,-0.490921
10.000000,10,0.000837,0.010056,-0.503340
10.000000,10,0.013005,0.010055,-0.479530
10.000000,10,0.009704,0.010054,-0.481964
10.000000,10,0.010392,0.010054,-0.499459
10.000000,10,0.005159,0.010053,-0.506595
10.000000,10,0.005290,0.010053,-0.492923
10.000000,10,0.001079,0.010052,-0.494805
10.000000,10,0.001221,0.010052,-0.493922
10.000000,10,0.002501,0.010051,-0.489521
10.000000,10,0.001283,0.010051,-0.503410
10.000000,10,0.009582,0.010050,-0.531252
10.000000,10,0.008443,0.010050,-0.520217
10.000000,10,0.008066,0.010049,-0.518504
10.000000,10,0.003088,0.010049,-0.530570
10.000000,10,0.003272,0.010048,-0.533329
10.000000,10,0.002471,0.010048,-0.537521
10.000000,10,0.000731,0.010047,-0.533932
10.000000,10,0.000248,0.010047,-0.528427
10.000000,10,0.002622,0.010046,-0.531313
10.000000,10,0.002786,0.010046,-0.537252
10.000000,10,0.002336,0.010045,-0.539878
10.000000,10,0.005563,0.010045,-0.549154
